Sub Classe,Ativo,Emissor,Fundo,Vencimento_final,KEY_STRICT
LFSN,LFSN2200B4M,CNHCAPITALBM,FIRF GERAES,2032-10-13,LFSN | LFSN2200B4M | CNHCAPITALBM | FIRF GERAES | 2032-10-13
LFSN,LFSN2200GD7,CNHCAPITALBM,FIRF GERAES,2032-12-22,LFSN | LFSN2200GD7 | CNHCAPITALBM | FIRF GERAES | 2032-12-22
LFSN,LFSN2200B4M,CNHCAPITALBM,FIRF GERAES 30,2032-10-13,LFSN | LFSN2200B4M | CNHCAPITALBM | FIRF GERAES 30 | 2032-10-13
LFSN,LFSN2200GD7,CNHCAPITALBM,FIRF GERAES 30,2032-12-22,LFSN | LFSN2200GD7 | CNHCAPITALBM | FIRF GERAES 30 | 2032-12-22
LFSN,LFSN2200B4M,CNHCAPITALBM,HORIZONTE FIM,2032-10-13,LFSN | LFSN2200B4M | CNHCAPITALBM | HORIZONTE FIM | 2032-10-13
LFSN,LFSN2200GD7,CNHCAPITALBM,HORIZONTE FIM,2032-12-22,LFSN | LFSN2200GD7 | CNHCAPITALBM | HORIZONTE FIM | 2032-12-22
LFSN,LFSN1900008,BANCO SAFRA S.A.,FIRF GERAES,2027-01-08,LFSN | LFSN1900008 | BANCO SAFRA S.A. | FIRF GERAES | 2027-01-08
LFSN,LFSN1800HXO,BANCO SAFRA S.A.,FIRF GERAES,2026-11-06,LFSN | LFSN1800HXO | BANCO SAFRA S.A. | FIRF GERAES | 2026-11-06
LFSN,LFSN1900CR5,BANCO SAFRA S.A.,FIRF GERAES 30,2029-08-13,LFSN | LFSN1900CR5 | BANCO SAFRA S.A. | FIRF GERAES 30 | 2029-08-13
LFSN,LFSN19006KN,BANCO BTG PACTUAL S.A.,FIRF GERAES,2028-05-31,LFSN | LFSN19006KN | BANCO BTG PACTUAL S.A. | FIRF GERAES | 2028-05-31
LFSN,LFSN19001BH,BANCO BTG PACTUAL S.A.,FIRF GERAES,2027-04-09,LFSN | LFSN19001BH | BANCO BTG PACTUAL S.A. | FIRF GERAES | 2027-04-09
LFSN,LFSN19001BC,BANCO BTG PACTUAL S.A.,FIRF GERAES 30,2027-04-09,LFSN | LFSN19001BC | BANCO BTG PACTUAL S.A. | FIRF GERAES 30 | 2027-04-09
LFSN,LFSN19006KM,BANCO BTG PACTUAL S.A.,FIRF GERAES 30,2028-05-31,LFSN | LFSN19006KM | BANCO BTG PACTUAL S.A. | FIRF GERAES 30 | 2028-05-31
LFSN,LFSN19006KM,BANCO BTG PACTUAL S.A.,HORIZONTE FIM,2028-05-31,LFSN | LFSN19006KM | BANCO BTG PACTUAL S.A. | HORIZONTE FIM | 2028-05-31
LFSN,LFSN19006KM,BANCO BTG PACTUAL S.A.,MANACA INFRA,2028-05-31,LFSN | LFSN19006KM | BANCO BTG PACTUAL S.A. | MANACA INFRA | 2028-05-31
LFSC,LFSC19005L3,BANCO DO NORDESTE DO BRASIL S.A.,BH INFRA,2024-06-21,LFSC | LFSC19005L3 | BANCO DO NORDESTE DO BRASIL S.A. | BH INFRA | 2024-06-21
LFSC,LFSC190054D,BANCO DO NORDESTE DO BRASIL S.A.,BH INFRA,2024-06-11,LFSC | LFSC190054D | BANCO DO NORDESTE DO BRASIL S.A. | BH INFRA | 2024-06-11
LFSC,LFSC190054D,BANCO DO NORDESTE DO BRASIL S.A.,FIRF GERAES,2024-06-11,LFSC | LFSC190054D | BANCO DO NORDESTE DO BRASIL S.A. | FIRF GERAES | 2024-06-11
LFSC,LFSC19005FF,BANCO DO NORDESTE DO BRASIL S.A.,FIRF GERAES 30,2024-06-18,LFSC | LFSC19005FF | BANCO DO NORDESTE DO BRASIL S.A. | FIRF GERAES 30 | 2024-06-18
LFSC,LFSC19005L3,BANCO DO NORDESTE DO BRASIL S.A.,FIRF GERAES 30,2024-06-21,LFSC | LFSC19005L3 | BANCO DO NORDESTE DO BRASIL S.A. | FIRF GERAES 30 | 2024-06-21
LFSC,LFSC190054I,BANCO DO NORDESTE DO BRASIL S.A.,FIRF GERAES 30,2024-06-12,LFSC | LFSC190054I | BANCO DO NORDESTE DO BRASIL S.A. | FIRF GERAES 30 | 2024-06-12
LFSC,LFSC19005L1,BANCO DO NORDESTE DO BRASIL S.A.,HORIZONTE FIM,2024-06-19,LFSC | LFSC19005L1 | BANCO DO NORDESTE DO BRASIL S.A. | HORIZONTE FIM | 2024-06-19
LFSC,LFSC19005FF,BANCO DO NORDESTE DO BRASIL S.A.,HORIZONTE FIM,2024-06-18,LFSC | LFSC19005FF | BANCO DO NORDESTE DO BRASIL S.A. | HORIZONTE FIM | 2024-06-18
LFSC,LFSC190054I,BANCO DO NORDESTE DO BRASIL S.A.,HORIZONTE FIM,2024-06-12,LFSC | LFSC190054I | BANCO DO NORDESTE DO BRASIL S.A. | HORIZONTE FIM | 2024-06-12
LFSC,LFSC190054D,BANCO DO NORDESTE DO BRASIL S.A.,MANACA INFRA,2024-06-11,LFSC | LFSC190054D | BANCO DO NORDESTE DO BRASIL S.A. | MANACA INFRA | 2024-06-11
LFSC,LFSC19002CE,BANCO BMG S.A.,JERA2026 FIM,2029-04-09,LFSC | LFSC19002CE | BANCO BMG S.A. | JERA2026 FIM | 2029-04-09
LFSC,LFSC19002HS,BANCO BMG S.A.,JERA2026 FIM,2029-04-09,LFSC | LFSC19002HS | BANCO BMG S.A. | JERA2026 FIM | 2029-04-09
LFSC,LFSC19002CD,BANCO BMG S.A.,JERA2026 FIM,2029-04-09,LFSC | LFSC19002CD | BANCO BMG S.A. | JERA2026 FIM | 2029-04-09
Letra Financeira,LF002600MB0,BANCO MERCANTIL DO BRASIL S.A.,FIRF GERAES,2028-07-31,LETRA FINANCEIRA | LF002600MB0 | BANCO MERCANTIL DO BRASIL S.A. | FIRF GERAES | 2028-07-31
Letra Financeira,LF00260094N,BANCO MERCANTIL DO BRASIL S.A.,FIRF GERAES,2028-03-27,LETRA FINANCEIRA | LF00260094N | BANCO MERCANTIL DO BRASIL S.A. | FIRF GERAES | 2028-03-27
Letra Financeira,LF002600MAZ,BANCO MERCANTIL DO BRASIL S.A.,FIRF GERAES 30,2028-07-31,LETRA FINANCEIRA | LF002600MAZ | BANCO MERCANTIL DO BRASIL S.A. | FIRF GERAES 30 | 2028-07-31
Letra Financeira,LF002600MB1,BANCO MERCANTIL DO BRASIL S.A.,HORIZONTE FIM,2028-07-31,LETRA FINANCEIRA | LF002600MB1 | BANCO MERCANTIL DO BRASIL S.A. | HORIZONTE FIM | 2028-07-31
Debêntures,KLBNA2,KLABIN S/A,FIRF GERAES,2029-03-19,DEBENTURES | KLBNA2 | KLABIN S/A | FIRF GERAES | 2029-03-19
Debêntures,KLBNA2,KLABIN S/A,FIRF GERAES 30,2029-03-19,DEBENTURES | KLBNA2 | KLABIN S/A | FIRF GERAES 30 | 2029-03-19
Debêntures,KLBNA2,KLABIN S/A,HORIZONTE FIM,2029-03-19,DEBENTURES | KLBNA2 | KLABIN S/A | HORIZONTE FIM | 2029-03-19
CDB,CDB8265ICFW,BANCO RANDON,FIRF GERAES,2026-12-03,CDB | CDB8265ICFW | BANCO RANDON | FIRF GERAES | 2026-12-03
CDB,CDB8265ICFZ,BANCO RANDON,FIRF GERAES,2026-12-03,CDB | CDB8265ICFZ | BANCO RANDON | FIRF GERAES | 2026-12-03
CDB,CDB8265ICFV,BANCO RANDON,FIRF GERAES,2026-12-03,CDB | CDB8265ICFV | BANCO RANDON | FIRF GERAES | 2026-12-03
CDB,CDB8265ICFY,BANCO RANDON,FIRF GERAES 30,2026-12-03,CDB | CDB8265ICFY | BANCO RANDON | FIRF GERAES 30 | 2026-12-03
CDB,CDB8265ICFX,BANCO RANDON,HORIZONTE FIM,2026-12-03,CDB | CDB8265ICFX | BANCO RANDON | HORIZONTE FIM | 2026-12-03
CDB,CDB3251WXH0,AGIBANK,FIRF GERAES,2027-03-08,CDB | CDB3251WXH0 | AGIBANK | FIRF GERAES | 2027-03-08
CDB,CDB3251WXH0,AGIBANK,FIRF GERAES 30,2027-03-08,CDB | CDB3251WXH0 | AGIBANK | FIRF GERAES 30 | 2027-03-08
