TIPO,Tem_fluxo,CicloJuros,AgendaJuros,IncorporaJuros,DataRef,Emissor,cod_Ativo,Codigo_IF,ISIN,Data Emissão,vencimento,PU_emissão,TipoJuros,pct_flutuante,spread,FormaCDI,taxa_emissão,Data_prox_juros,Data Call Inicial,Call_Periodicidade,Call_Inicio_Apos_anos,Data Call Proxima,source_file,pages_total,pages_blank,pages_used,extractor_used,leitura_ok,sanity_check,sanity_notes,debug_bloco_juros,debug_bloco_call,cod_Ativo_count,is_unico,cod_Ativo_group_index,unico_index,Data Proximo Juros,cod_Ativo_norm,cod_root
,BULLET,BULLET,,DESCONHECIDO,2026-08-10,,22L1125977,,,,,,,,,UNKNOWN,,,,,,,Z:\Asset Management\FUNDOS e CLUBES\CETIP - Instrumentos Financeiros (TELAS)\cri cra\22L1125977.pdf,0,0,0,none,False,FAIL,"no_text_extracted; missing: tipo,emissor,datas",,,1,True,293,292,,22L1125977,22L1125977
,BULLET,BULLET,,DESCONHECIDO,2026-08-10,,6496225MZ1 - FIDC Oriz Mezanino,,,,,,,,,UNKNOWN,,,,,,,Z:\Asset Management\FUNDOS e CLUBES\CETIP - Instrumentos Financeiros (TELAS)\fundos\6496225MZ1 - FIDC Oriz Mezanino.pdf,0,0,0,none,False,FAIL,"no_text_extracted; missing: tipo,emissor,datas",,,1,True,401,400,,6496225MZ1FIDCORIZMEZANINO,6496225MZ1FIDCORIZMEZANIN
,BULLET,BULLET,,DESCONHECIDO,2026-08-10,,6496225SN1 - FIDC Oriz Senior,,,,,,,,,UNKNOWN,,,,,,,Z:\Asset Management\FUNDOS e CLUBES\CETIP - Instrumentos Financeiros (TELAS)\fundos\6496225SN1 - FIDC Oriz Senior.pdf,0,0,0,none,False,FAIL,"no_text_extracted; missing: tipo,emissor,datas",,,1,True,402,401,,6496225SN1FIDCORIZSENIOR,6496225SN1FIDCORIZSENIO
,BULLET,BULLET,,DESCONHECIDO,2026-08-10,,AGSF13,,,,,,,,,UNKNOWN,,,,,,,Z:\Asset Management\FUNDOS e CLUBES\CETIP - Instrumentos Financeiros (TELAS)\AGSF13.pdf,0,0,0,none,False,FAIL,"no_text_extracted; missing: tipo,emissor,datas",,,1,True,420,419,,AGSF13,AGSF13
,BULLET,BULLET,,DESCONHECIDO,2026-08-10,,CEROA3,,,,,,,,,UNKNOWN,,,,,,,Z:\Asset Management\FUNDOS e CLUBES\CETIP - Instrumentos Financeiros (TELAS)\CEROA3.pdf,0,0,0,none,False,FAIL,"no_text_extracted; missing: tipo,emissor,datas",,,1,True,864,863,,CEROA3,CEROA3
,BULLET,BULLET,,DESCONHECIDO,2026-08-10,,CERT11,,,,,,,,,UNKNOWN,,,,,,,Z:\Asset Management\FUNDOS e CLUBES\CETIP - Instrumentos Financeiros (TELAS)\CERT11.pdf,0,0,0,none,False,FAIL,"no_text_extracted; missing: tipo,emissor,datas",,,1,True,865,864,,CERT11,CERT11
,BULLET,BULLET,,DESCONHECIDO,2026-08-10,,CHSF12,,,,,,,,,UNKNOWN,,,,,,,Z:\Asset Management\FUNDOS e CLUBES\CETIP - Instrumentos Financeiros (TELAS)\CHSF12.pdf,0,0,0,none,False,FAIL,"no_text_extracted; missing: tipo,emissor,datas",,,1,True,872,871,,CHSF12,CHSF12
,BULLET,BULLET,,DESCONHECIDO,2026-08-10,,CMDT33,,,,,,,,,UNKNOWN,,,,,,,Z:\Asset Management\FUNDOS e CLUBES\CETIP - Instrumentos Financeiros (TELAS)\CMDT33.pdf,1,0,1,debug_text,True,FAIL,"missing: tipo,emissor,datas",,,1,True,874,873,,CMDT33,CMDT33
,BULLET,BULLET,,DESCONHECIDO,2026-08-10,,CRNP11,,,,,,,,,UNKNOWN,,,,,,,Z:\Asset Management\FUNDOS e CLUBES\CETIP - Instrumentos Financeiros (TELAS)\CRNP11.pdf,0,0,0,none,False,FAIL,"no_text_extracted; missing: tipo,emissor,datas",,,1,True,889,888,,CRNP11,CRNP11
,BULLET,BULLET,,DESCONHECIDO,2026-08-10,,LAMEA2,,,,,,,,,UNKNOWN,,,,,,,Z:\Asset Management\FUNDOS e CLUBES\CETIP - Instrumentos Financeiros (TELAS)\LAMEA2.pdf,0,0,0,none,False,FAIL,"no_text_extracted; missing: tipo,emissor,datas",,,1,True,961,960,,LAMEA2,LAMEA2
,BULLET,BULLET,,DESCONHECIDO,2026-08-10,,LCAMA5,,,,,,,,,UNKNOWN,,,,,,,Z:\Asset Management\FUNDOS e CLUBES\CETIP - Instrumentos Financeiros (TELAS)\LCAMA5.pdf,0,0,0,none,False,FAIL,"no_text_extracted; missing: tipo,emissor,datas",,,1,True,965,964,,LCAMA5,LCAMA5
,BULLET,BULLET,,DESCONHECIDO,2026-08-10,,MOVI22,,,,,,,,,UNKNOWN,,,,,,,Z:\Asset Management\FUNDOS e CLUBES\CETIP - Instrumentos Financeiros (TELAS)\MOVI22.pdf,0,0,0,none,False,FAIL,"no_text_extracted; missing: tipo,emissor,datas",,,1,True,1432,1430,,MOVI22,MOVI22
,BULLET,BULLET,,DESCONHECIDO,2026-08-10,,NATU17,,,,,,,,,UNKNOWN,,,,,,,Z:\Asset Management\FUNDOS e CLUBES\CETIP - Instrumentos Financeiros (TELAS)\NATU17.pdf,0,0,0,none,False,FAIL,"no_text_extracted; missing: tipo,emissor,datas",,,1,True,1449,1447,,NATU17,NATU17
,BULLET,BULLET,,DESCONHECIDO,2026-08-10,,NATU27,,,,,,,,,UNKNOWN,,,,,,,Z:\Asset Management\FUNDOS e CLUBES\CETIP - Instrumentos Financeiros (TELAS)\NATU27.pdf,0,0,0,none,False,FAIL,"no_text_extracted; missing: tipo,emissor,datas",,,1,True,1450,1448,,NATU27,NATU27
,BULLET,BULLET,,DESCONHECIDO,2026-08-10,,OMGE13,,,,,,,,,UNKNOWN,,,,,,,Z:\Asset Management\FUNDOS e CLUBES\CETIP - Instrumentos Financeiros (TELAS)\OMGE13.pdf,1,0,1,debug_text,True,FAIL,"missing: tipo,emissor,datas",,,1,True,1473,1471,,OMGE13,OMGE13
,BULLET,BULLET,,DESCONHECIDO,2026-08-10,,SMFT14,,,,,,,,,UNKNOWN,,,,,,,Z:\Asset Management\FUNDOS e CLUBES\CETIP - Instrumentos Financeiros (TELAS)\SMFT14.pdf,0,0,0,none,False,FAIL,"no_text_extracted; missing: tipo,emissor,datas",,,1,True,1508,1506,,SMFT14,SMFT14
,BULLET,BULLET,,DESCONHECIDO,2026-08-10,,SMFT24,,,,,,,,,UNKNOWN,,,,,,,Z:\Asset Management\FUNDOS e CLUBES\CETIP - Instrumentos Financeiros (TELAS)\SMFT24.pdf,0,0,0,none,False,FAIL,"no_text_extracted; missing: tipo,emissor,datas",,,1,True,1510,1508,,SMFT24,SMFT24
,BULLET,BULLET,,DESCONHECIDO,2026-08-10,,SMFT34,,,,,,,,,UNKNOWN,,,,,,,Z:\Asset Management\FUNDOS e CLUBES\CETIP - Instrumentos Financeiros (TELAS)\SMFT34.pdf,0,0,0,none,False,FAIL,"no_text_extracted; missing: tipo,emissor,datas",,,1,True,1511,1509,,SMFT34,SMFT34
,BULLET,BULLET,,DESCONHECIDO,2026-08-10,,SMFT44,,,,,,,,,UNKNOWN,,,,,,,Z:\Asset Management\FUNDOS e CLUBES\CETIP - Instrumentos Financeiros (TELAS)\SMFT44.pdf,0,0,0,none,False,FAIL,"no_text_extracted; missing: tipo,emissor,datas",,,1,True,1512,1510,,SMFT44,SMFT44
,BULLET,BULLET,,DESCONHECIDO,2026-08-10,,SUMI17,,,,,,,,,UNKNOWN,,,,,,,Z:\Asset Management\FUNDOS e CLUBES\CETIP - Instrumentos Financeiros (TELAS)\SUMI17.pdf,0,0,0,none,False,FAIL,"no_text_extracted; missing: tipo,emissor,datas",,,1,True,1516,1514,,SUMI17,SUMI17
CDB,BULLET,BULLET,,DESCONHECIDO,2026-08-10,,CDB0178CNQS,,,,,,,,,UNKNOWN,,,,,,,Z:\Asset Management\FUNDOS e CLUBES\CETIP - Instrumentos Financeiros (TELAS)\cdb\CDB0178CNQS.pdf,0,0,0,none,False,FAIL,"no_text_extracted; missing: emissor,datas",,,1,True,472,471,,CDB0178CNQS,CDB0178CNQ
CDB,BULLET,BULLET,,DESCONHECIDO,2026-08-10,,CDB017VEQ06,,,,,,,,,UNKNOWN,,,,,,,Z:\Asset Management\FUNDOS e CLUBES\CETIP - Instrumentos Financeiros (TELAS)\cdb\CDB017VEQ06.pdf,0,0,0,none,False,FAIL,"no_text_extracted; missing: emissor,datas",,,1,True,503,502,,CDB017VEQ06,CDB017VEQ06
CDB,BULLET,BULLET,,DESCONHECIDO,2026-08-10,,CDB11939ZUE,,,,,,,,,UNKNOWN,,,,,,,Z:\Asset Management\FUNDOS e CLUBES\CETIP - Instrumentos Financeiros (TELAS)\cdb\CDB11939ZUE.pdf,0,0,0,none,False,FAIL,"no_text_extracted; missing: emissor,datas",,,1,True,511,510,,CDB11939ZUE,CDB11939ZU
CDB,BULLET,BULLET,,DESCONHECIDO,2026-08-10,,CDB218AR2P0,,,,,,,,,UNKNOWN,,,,,,,Z:\Asset Management\FUNDOS e CLUBES\CETIP - Instrumentos Financeiros (TELAS)\cdb\CDB218AR2P0.pdf,0,0,0,none,False,FAIL,"no_text_extracted; missing: emissor,datas",,,1,True,580,579,,CDB218AR2P0,CDB218AR2P0
CDB,BULLET,BULLET,,DESCONHECIDO,2026-08-10,,CDB3187D5AH,,,,,,,,,UNKNOWN,,,,,,,Z:\Asset Management\FUNDOS e CLUBES\CETIP - Instrumentos Financeiros (TELAS)\cdb\CDB3187D5AH.pdf,0,0,0,none,False,FAIL,"no_text_extracted; missing: emissor,datas",,,1,True,650,649,,CDB3187D5AH,CDB3187D5A
CDB,BULLET,BULLET,,DESCONHECIDO,2026-08-10,,CDB3187D5AI,,,,,,,,,UNKNOWN,,,,,,,Z:\Asset Management\FUNDOS e CLUBES\CETIP - Instrumentos Financeiros (TELAS)\cdb\CDB3187D5AI.pdf,0,0,0,none,False,FAIL,"no_text_extracted; missing: emissor,datas",,,1,True,651,650,,CDB3187D5AI,CDB3187D5A
CDB,BULLET,BULLET,,DESCONHECIDO,2026-08-10,,CDB3187IK18,,,,,,,,,UNKNOWN,,,,,,,Z:\Asset Management\FUNDOS e CLUBES\CETIP - Instrumentos Financeiros (TELAS)\cdb\CDB3187IK18.pdf,0,0,0,none,False,FAIL,"no_text_extracted; missing: emissor,datas",,,1,True,652,651,,CDB3187IK18,CDB3187IK18
CDB,BULLET,BULLET,,DESCONHECIDO,2026-08-10,,CDB32695CN6,,,,,,,,,UNKNOWN,,,,,,,Z:\Asset Management\FUNDOS e CLUBES\CETIP - Instrumentos Financeiros (TELAS)\cdb\CDB32695CN6.pdf,0,0,0,none,False,FAIL,"no_text_extracted; missing: emissor,datas",,,1,True,718,717,,CDB32695CN6,CDB32695CN6
CDB,BULLET,BULLET,,DESCONHECIDO,2026-08-10,,CDB425AOGM0,,,,,,,,,UNKNOWN,,,,,,,Z:\Asset Management\FUNDOS e CLUBES\CETIP - Instrumentos Financeiros (TELAS)\cdb\CDB425AOGM0.pdf,0,0,0,none,False,FAIL,"no_text_extracted; missing: emissor,datas",,,1,True,773,772,,CDB425AOGM0,CDB425AOGM0
CDB,BULLET,BULLET,,DESCONHECIDO,2026-08-10,,CDB8247S4PN,,,,,,,,,UNKNOWN,,,,,,,Z:\Asset Management\FUNDOS e CLUBES\CETIP - Instrumentos Financeiros (TELAS)\cdb\CDB8247S4PN.pdf,0,0,0,none,False,FAIL,"no_text_extracted; missing: emissor,datas",,,1,True,798,797,,CDB8247S4PN,CDB8247S4P
CDB,BULLET,BULLET,,DESCONHECIDO,2026-08-10,,CDB8249E0JR,,,,,,,,,UNKNOWN,,,,,,,Z:\Asset Management\FUNDOS e CLUBES\CETIP - Instrumentos Financeiros (TELAS)\cdb\CDB8249E0JR.pdf,0,0,0,none,False,FAIL,"no_text_extracted; missing: emissor,datas",,,1,True,799,798,,CDB8249E0JR,CDB8249E0J
CDB,BULLET,BULLET,,DESCONHECIDO,2026-08-10,,CDB8249E0JS,,,,,,,,,UNKNOWN,,,,,,,Z:\Asset Management\FUNDOS e CLUBES\CETIP - Instrumentos Financeiros (TELAS)\cdb\CDB8249E0JS.pdf,0,0,0,none,False,FAIL,"no_text_extracted; missing: emissor,datas",,,1,True,800,799,,CDB8249E0JS,CDB8249E0J
CDB,BULLET,BULLET,,DESCONHECIDO,2026-08-10,,CDB8249E0JT,,,,,,,,,UNKNOWN,,,,,,,Z:\Asset Management\FUNDOS e CLUBES\CETIP - Instrumentos Financeiros (TELAS)\cdb\CDB8249E0JT.pdf,0,0,0,none,False,FAIL,"no_text_extracted; missing: emissor,datas",,,1,True,801,800,,CDB8249E0JT,CDB8249E0J
CDB,BULLET,BULLET,,DESCONHECIDO,2026-08-10,,CDB824AAYU7,,,,,,,,,UNKNOWN,,,,,,,Z:\Asset Management\FUNDOS e CLUBES\CETIP - Instrumentos Financeiros (TELAS)\cdb\CDB824AAYU7.pdf,0,0,0,none,False,FAIL,"no_text_extracted; missing: emissor,datas",,,1,True,802,801,,CDB824AAYU7,CDB824AAYU7
CDB,BULLET,BULLET,,DESCONHECIDO,2026-08-10,,CDB824AAYU8,,,,,,,,,UNKNOWN,,,,,,,Z:\Asset Management\FUNDOS e CLUBES\CETIP - Instrumentos Financeiros (TELAS)\cdb\CDB824AAYU8.pdf,0,0,0,none,False,FAIL,"no_text_extracted; missing: emissor,datas",,,1,True,803,802,,CDB824AAYU8,CDB824AAYU8
CDB,BULLET,BULLET,,DESCONHECIDO,2026-08-10,,CDB824AAYU9,,,,,,,,,UNKNOWN,,,,,,,Z:\Asset Management\FUNDOS e CLUBES\CETIP - Instrumentos Financeiros (TELAS)\cdb\CDB824AAYU9.pdf,0,0,0,none,False,FAIL,"no_text_extracted; missing: emissor,datas",,,1,True,804,803,,CDB824AAYU9,CDB824AAYU9
CDB,BULLET,BULLET,,DESCONHECIDO,2026-08-10,,CDB824AAYUA,,,,,,,,,UNKNOWN,,,,,,,Z:\Asset Management\FUNDOS e CLUBES\CETIP - Instrumentos Financeiros (TELAS)\cdb\CDB824AAYUA.pdf,0,0,0,none,False,FAIL,"no_text_extracted; missing: emissor,datas",,,1,True,805,804,,CDB824AAYUA,CDB824AAYU
CDB,BULLET,BULLET,,DESCONHECIDO,2026-08-10,,CDB824AAYUB,,,,,,,,,UNKNOWN,,,,,,,Z:\Asset Management\FUNDOS e CLUBES\CETIP - Instrumentos Financeiros (TELAS)\cdb\CDB824AAYUB.pdf,0,0,0,none,False,FAIL,"no_text_extracted; missing: emissor,datas",,,1,True,806,805,,CDB824AAYUB,CDB824AAYU
CDB,BULLET,BULLET,,DESCONHECIDO,2026-08-10,,CDB824AAYUC,,,,,,,,,UNKNOWN,,,,,,,Z:\Asset Management\FUNDOS e CLUBES\CETIP - Instrumentos Financeiros (TELAS)\cdb\CDB824AAYUC.pdf,0,0,0,none,False,FAIL,"no_text_extracted; missing: emissor,datas",,,1,True,807,806,,CDB824AAYUC,CDB824AAYU
LF,BULLET,BULLET,,DESCONHECIDO,2026-08-10,,LF0017003GB,,,,,,,,,UNKNOWN,,,,,,,"Z:\Asset Management\FUNDOS e CLUBES\CETIP - Instrumentos Financeiros (TELAS)\lf, lfsc, lfsn\LF0017003GB.pdf",0,0,0,none,False,FAIL,"no_text_extracted; missing: emissor,datas",,,1,True,991,990,,LF0017003GB,LF0017003G
LF,BULLET,BULLET,,DESCONHECIDO,2026-08-10,,LF0017003GX,,,,,,,,,UNKNOWN,,,,,,,"Z:\Asset Management\FUNDOS e CLUBES\CETIP - Instrumentos Financeiros (TELAS)\lf, lfsc, lfsn\LF0017003GX.pdf",0,0,0,none,False,FAIL,"no_text_extracted; missing: emissor,datas",,,1,True,992,991,,LF0017003GX,LF0017003G
LF,BULLET,BULLET,,DESCONHECIDO,2026-08-10,,LF0017003GX17,,,,,,,,,UNKNOWN,,,,,,,"Z:\Asset Management\FUNDOS e CLUBES\CETIP - Instrumentos Financeiros (TELAS)\lf, lfsc, lfsn\LF0017003GX17.pdf",0,0,0,none,False,FAIL,"no_text_extracted; missing: emissor,datas",,,1,True,993,992,,LF0017003GX17,LF0017003GX17
LF,BULLET,BULLET,,DESCONHECIDO,2026-08-10,,LF0017003IJ,,,,,,,,,UNKNOWN,,,,,,,"Z:\Asset Management\FUNDOS e CLUBES\CETIP - Instrumentos Financeiros (TELAS)\lf, lfsc, lfsn\LF0017003IJ.pdf",0,0,0,none,False,FAIL,"no_text_extracted; missing: emissor,datas",,,1,True,996,995,,LF0017003IJ,LF0017003I
LF,BULLET,BULLET,,DESCONHECIDO,2026-08-10,,LF00170056N,,,,,,,,,UNKNOWN,,,,,,,"Z:\Asset Management\FUNDOS e CLUBES\CETIP - Instrumentos Financeiros (TELAS)\lf, lfsc, lfsn\LF00170056N.pdf",0,0,0,none,False,FAIL,"no_text_extracted; missing: emissor,datas",,,1,True,1004,1003,,LF00170056N,LF00170056
LF,BULLET,BULLET,,DESCONHECIDO,2026-08-10,,LF0017005ED,,,,,,,,,UNKNOWN,,,,,,,"Z:\Asset Management\FUNDOS e CLUBES\CETIP - Instrumentos Financeiros (TELAS)\lf, lfsc, lfsn\LF0017005ED.pdf",0,0,0,none,False,FAIL,"no_text_extracted; missing: emissor,datas",,,1,True,1006,1005,,LF0017005ED,LF0017005E
LF,BULLET,BULLET,,DESCONHECIDO,2026-08-10,,LF001700FH,,,,,,,,,UNKNOWN,,,,,,,"Z:\Asset Management\FUNDOS e CLUBES\CETIP - Instrumentos Financeiros (TELAS)\lf, lfsc, lfsn\LF001700FH.pdf",0,0,0,none,False,FAIL,"no_text_extracted; missing: emissor,datas",,,1,True,1024,1023,,LF001700FH,LF001700F
LF,BULLET,BULLET,,DESCONHECIDO,2026-08-10,,LF001700GAX,,,,,,,,,UNKNOWN,,,,,,,"Z:\Asset Management\FUNDOS e CLUBES\CETIP - Instrumentos Financeiros (TELAS)\lf, lfsc, lfsn\LF001700GAX.pdf",0,0,0,none,False,FAIL,"no_text_extracted; missing: emissor,datas",,,1,True,1025,1024,,LF001700GAX,LF001700GA
LF,BULLET,BULLET,,DESCONHECIDO,2026-08-10,,LF002000CWO,,,,,,,,,UNKNOWN,,,,,,,"Z:\Asset Management\FUNDOS e CLUBES\CETIP - Instrumentos Financeiros (TELAS)\lf, lfsc, lfsn\LF002000CWO.pdf",0,0,0,none,False,FAIL,"no_text_extracted; missing: emissor,datas",,,1,True,1068,1067,,LF002000CWO,LF002000CW
LF,BULLET,BULLET,,DESCONHECIDO,2026-08-10,,LF002100A25,,,,,,,,,UNKNOWN,,,,,,,"Z:\Asset Management\FUNDOS e CLUBES\CETIP - Instrumentos Financeiros (TELAS)\lf, lfsc, lfsn\LF002100A25.pdf",0,0,0,none,False,FAIL,"no_text_extracted; missing: emissor,datas",,,1,True,1077,1076,,LF002100A25,LF002100A25
LF,BULLET,BULLET,,DESCONHECIDO,2026-08-10,,LF002200G8Y,,,,,,,,,UNKNOWN,,,,,,,"Z:\Asset Management\FUNDOS e CLUBES\CETIP - Instrumentos Financeiros (TELAS)\lf, lfsc, lfsn\LF002200G8Y.pdf",0,0,0,none,False,FAIL,"no_text_extracted; missing: emissor,datas",,,1,True,1098,1097,,LF002200G8Y,LF002200G8
